job_id,title,company,location,job_type,domain,description,responsibilities,required_skills,preferred_skills,qualifications,experience_required,education_required,stipend_or_salary,apply_link
111,Cloud Engineer Intern,Meridian Data Co,Noida,Internship,Cloud & DevOps,"Help us build and maintain scalable, reliable cloud infrastructure for a multi-region deployment.",Assist in cloud cost optimization | Manage container orchestration | Automate deployment pipelines for a multi-region deployment,"Linux, Docker, Shell Scripting",GCP,MBA (any specialization),0 years (Fresher/Student),MBA (any specialization),"₹20,000/month",https://careers.example.com/jobs/111
166,Software Development Intern,Marble Arch Analytics,Delhi NCR,Internship,Software Development,We are looking for a motivated individual to join our engineering team and help build an internal tools platform.,Collaborate with cross-functional teams on an internal tools platform | Debug and fix issues in existing modules | Participate in code reviews,"Git, Python, Java","AWS, CI/CD",Any graduate (technical background preferred),0 years (Fresher/Student),Any graduate (technical background preferred),"₹15,000/month",https://careers.example.com/jobs/166
114,Business Analyst Intern,CloudNine Systems,Gurgaon,Internship,Business Analysis,Support our product and strategy teams by analyzing data related to a logistics platform.,Support product roadmap planning | Prepare reports and dashboards | Analyze data to identify trends,"SQL, Excel, Requirement Gathering, Data Analysis",Tableau,MBA (any specialization),0 years (Fresher/Student),MBA (any specialization),"₹12,000/month",https://careers.example.com/jobs/114
48,Web Developer Intern,Meridian Data Co,Ahmedabad,Full-time,Web Development,"Help us build and maintain fast, modern web experiences for a marketing website.",Build responsive UI components for a marketing website | Integrate REST APIs into the frontend | Optimize page load performance,"CSS, HTML, Responsive Design","Node.js, TypeScript",BCA / B.Sc IT,0-2 years,BCA / B.Sc IT,₹6 LPA,https://careers.example.com/jobs/48
14,Embedded Systems Intern,Novacore Systems,Bhopal,Internship,Embedded Systems & IoT,Work on embedded hardware and firmware for a smart home device.,Develop firmware for a smart home device | Document hardware interfaces | Debug embedded systems issues,"C++, Embedded C, Microcontrollers, C",PCB Design,B.Tech/B.E. (Computer Science or related),0 years (Fresher/Student),B.Tech/B.E. (Computer Science or related),"₹25,000/month",https://careers.example.com/jobs/14
9,Product Analyst Intern,Silverline Consulting,Nagpur,Full-time,Business Analysis,Support our product and strategy teams by analyzing data related to a subscription product.,Prepare reports and dashboards | Analyze data to identify trends | Gather and document business requirements for a subscription product,"SQL, Data Analysis, Excel, Requirement Gathering","Power BI, JIRA",MCA / M.Sc Computer Science,0-1 years,MCA / M.Sc Computer Science,₹8 LPA,https://careers.example.com/jobs/9
118,QA Intern,PixelForge Studios,Delhi NCR,Internship,Quality Assurance,Help ensure the quality and reliability of an e-commerce checkout flow before release.,Perform regression testing | Automate repetitive test scenarios | Log and track defects,"Test Case Design, Bug Tracking, Manual Testing, SQL","JMeter, Selenium, Postman",Pursuing MBA,0 years (Fresher/Student),Pursuing MBA,"₹25,000/month",https://careers.example.com/jobs/118
30,Product Management Intern,Bluepine Software,Coimbatore,Full-time,Product Management,Support our product team in shaping the roadmap for an internal tools suite.,Coordinate with engineering and design | Assist in defining product requirements for an internal tools suite | Support sprint planning,"Communication Skills, User Research, Product Roadmapping, Agile","JIRA, Figma, SQL",Pursuing MBA,0-1 years,Pursuing MBA,₹4 LPA,https://careers.example.com/jobs/30
122,AI Research Intern,Momentum Fintech,Kolkata,Internship,Data Science & ML,Join our data team to help extract insights and build predictive models for a recommendation engine.,Perform exploratory data analysis on a recommendation engine | Build and evaluate ML models | Deploy models into production pipelines,"NumPy, SQL, Statistics",NLP,MBA (any specialization),0 years (Fresher/Student),MBA (any specialization),"₹12,000/month",https://careers.example.com/jobs/122
94,Android Developer Intern,Pinnacle Web Works,Pune,Full-time,Mobile App Development,Work on our mobile app used by thousands of users to build a food delivery app.,Optimize app performance and battery usage | Develop and test mobile features for a food delivery app | Fix bugs reported by QA,"Dart, Java, Flutter, Kotlin",Swift,Any graduate (technical background preferred),0-1 years,Any graduate (technical background preferred),₹8 LPA,https://careers.example.com/jobs/94
154,Android Developer Intern,Solstice Software,Noida,Internship,Mobile App Development,Work on our mobile app used by thousands of users to build a fitness tracking app.,Fix bugs reported by QA | Develop and test mobile features for a fitness tracking app | Integrate third-party SDKs,"Flutter, Dart, Kotlin, Android SDK","REST APIs, SQLite, Swift",BCA / B.Sc IT,0 years (Fresher/Student),BCA / B.Sc IT,"₹12,000/month",https://careers.example.com/jobs/154
147,Content Writing Intern,Highbridge Technologies,Delhi NCR,Full-time,Content Writing,"Help us create engaging, high-quality content for our developer blog.",Research industry topics for blog posts | Optimize content for SEO | Write and edit content for our developer blog,"Research Skills, Editing, SEO Writing, Content Writing","Grammarly, Content Strategy",Diploma or Degree in relevant field,1-2 years,Diploma or Degree in relevant field,₹3 LPA,https://careers.example.com/jobs/147
98,Content Marketing Intern,Skyline Tech Ventures,Pune,Internship,Digital Marketing,Help grow our brand presence and drive engagement for a new product launch.,Plan and execute campaigns for a new product launch | Analyze campaign performance metrics | Optimize website content for search engines,"Social Media Marketing, Google Analytics, SEO","HubSpot, Email Marketing, Canva",Pursuing B.Tech (any branch),0 years (Fresher/Student),Pursuing B.Tech (any branch),"₹10,000/month",https://careers.example.com/jobs/98
178,Software Testing Intern,Emberstone Software,Delhi NCR,Full-time,Quality Assurance,Help ensure the quality and reliability of a mobile banking app before release.,Automate repetitive test scenarios | Perform regression testing | Log and track defects,"Test Case Design, SQL, Bug Tracking","Postman, JMeter, Selenium",B.Tech/B.E. (Computer Science or related),0-1 years,B.Tech/B.E. (Computer Science or related),₹3 LPA,https://careers.example.com/jobs/178
87,Content Writing Intern,CloudNine Systems,Jaipur,Internship,Content Writing,"Help us create engaging, high-quality content for our developer blog.",Optimize content for SEO | Proofread and edit team submissions | Research industry topics for blog posts,"SEO Writing, Editing, Content Writing","Content Strategy, WordPress",Pursuing MBA,0 years (Fresher/Student),Pursuing MBA,"₹10,000/month",https://careers.example.com/jobs/87
10,Finance Intern,ByteBridge Solutions,Chandigarh,Internship,Finance & Accounting,Support our finance team with reporting and analysis for annual budgeting.,Reconcile accounts and transactions | Support budgeting and forecasting activities | Assist in preparing financial reports for annual budgeting,"Financial Modeling, Accounting Principles, Tally","SAP, Forecasting, Budgeting",BCA / B.Sc IT,0 years (Fresher/Student),BCA / B.Sc IT,"₹15,000/month",https://careers.example.com/jobs/10
73,Software Testing Intern,Bluepine Software,Bangalore,Internship,Quality Assurance,Help ensure the quality and reliability of an e-commerce checkout flow before release.,Perform regression testing | Automate repetitive test scenarios | Write and execute test cases for an e-commerce checkout flow,"SQL, Bug Tracking, Manual Testing, Test Case Design","API Testing, Selenium, JMeter",B.Tech/B.E. (Computer Science or related),0 years (Fresher/Student),B.Tech/B.E. (Computer Science or related),"₹10,000/month",https://careers.example.com/jobs/73
66,DevOps Intern,TerraByte Networks,Bangalore,Internship,Cloud & DevOps,"Help us build and maintain scalable, reliable cloud infrastructure for CI/CD pipelines.",Manage container orchestration | Automate deployment pipelines for CI/CD pipelines | Assist in cloud cost optimization,"Shell Scripting, Docker, Git","Jenkins, Azure, GCP",MBA (any specialization),0 years (Fresher/Student),MBA (any specialization),"₹8,000/month",https://careers.example.com/jobs/66
157,UI/UX Design Intern,TerraByte Networks,Noida,Internship,UI/UX Design,Join our design team to craft intuitive user experiences for a consumer marketplace app.,Conduct user research and usability tests | Collaborate with developers to implement designs | Design wireframes and mockups for a consumer marketplace app,"User Research, Adobe XD, Prototyping, Wireframing, Figma","Design Systems, Adobe Illustrator",Diploma or Degree in relevant field,0 years (Fresher/Student),Diploma or Degree in relevant field,"₹25,000/month",https://careers.example.com/jobs/157
59,Firmware Intern,Lighthouse Data Co,Chandigarh,Internship,Embedded Systems & IoT,Work on embedded hardware and firmware for a wearable device.,Document hardware interfaces | Develop firmware for a wearable device | Debug embedded systems issues,"C++, Microcontrollers, Embedded C",RTOS,MBA (any specialization),0 years (Fresher/Student),MBA (any specialization),"₹10,000/month",https://careers.example.com/jobs/59
89,IoT Developer Intern,Marble Arch Analytics,Hyderabad,Internship,Embedded Systems & IoT,Work on embedded hardware and firmware for a smart home device.,Develop firmware for a smart home device | Debug embedded systems issues | Document hardware interfaces,"C, Microcontrollers, C++, Embedded C","Arduino, PCB Design",Pursuing B.Tech (any branch),0 years (Fresher/Student),Pursuing B.Tech (any branch),"₹12,000/month",https://careers.example.com/jobs/89
29,Firmware Intern,Meridian Data Co,Pune,Internship,Embedded Systems & IoT,Work on embedded hardware and firmware for a wearable device.,Develop firmware for a wearable device | Document hardware interfaces | Debug embedded systems issues,"C, Embedded C, C++, Microcontrollers",Arduino,MBA (any specialization),0 years (Fresher/Student),MBA (any specialization),"₹18,000/month",https://careers.example.com/jobs/29
142,UI/UX Design Intern,Anchor Point Systems,Chandigarh,Full-time,UI/UX Design,Join our design team to craft intuitive user experiences for a consumer marketplace app.,Collaborate with developers to implement designs | Conduct user research and usability tests | Maintain design system consistency,"Adobe XD, User Research, Figma, Prototyping, Wireframing","Design Systems, Usability Testing",MBA (any specialization),0-2 years,MBA (any specialization),₹6 LPA,https://careers.example.com/jobs/142
1,Software Engineer Intern,Vertex Digital Labs,Bangalore,Internship,Software Development,We are looking for a motivated individual to join our engineering team and help build an internal tools platform.,"Collaborate with cross-functional teams on an internal tools platform | Write clean, maintainable code for an internal tools platform | Write unit tests for new features","Java, Data Structures, Python","Kubernetes, Docker, Microservices",B.Tech/B.E. (Computer Science or related),0 years (Fresher/Student),B.Tech/B.E. (Computer Science or related),"₹10,000/month",https://careers.example.com/jobs/1
108,React Developer Intern,Lumen Software Labs,Chandigarh,Internship,Web Development,"Help us build and maintain fast, modern web experiences for a company dashboard.",Integrate REST APIs into the frontend | Fix cross-browser compatibility issues | Optimize page load performance,"Responsive Design, JavaScript, CSS, HTML, React",Tailwind CSS,Pursuing MBA,0 years (Fresher/Student),Pursuing MBA,"₹15,000/month",https://careers.example.com/jobs/108
33,Web Developer Intern,Orbit Innovations,Delhi NCR,Full-time,Web Development,"Help us build and maintain fast, modern web experiences for a company dashboard.",Build responsive UI components for a company dashboard | Integrate REST APIs into the frontend | Optimize page load performance,"CSS, Responsive Design, HTML, React, JavaScript","Node.js, TypeScript",B.Com / M.Com,1-2 years,B.Com / M.Com,₹3 LPA,https://careers.example.com/jobs/33
183,Web Developer Intern,Coral Bay Systems,Indore,Full-time,Web Development,"Help us build and maintain fast, modern web experiences for a marketing website.",Build responsive UI components for a marketing website | Optimize page load performance | Integrate REST APIs into the frontend,"React, HTML, CSS, JavaScript","TypeScript, Next.js, Tailwind CSS",B.Com / M.Com,1-2 years,B.Com / M.Com,₹8 LPA,https://careers.example.com/jobs/183
97,Product Designer Intern,Falcon Edge Systems,Remote,Internship,UI/UX Design,Join our design team to craft intuitive user experiences for a mobile banking app.,Design wireframes and mockups for a mobile banking app | Collaborate with developers to implement designs | Conduct user research and usability tests,"Prototyping, Figma, Wireframing, User Research","Adobe Illustrator, Design Systems, Usability Testing",MCA / M.Sc Computer Science,0 years (Fresher/Student),MCA / M.Sc Computer Science,"₹18,000/month",https://careers.example.com/jobs/97
75,Associate Product Manager Intern,TerraByte Networks,Coimbatore,Internship,Product Management,Support our product team in shaping the roadmap for a consumer mobile app.,Assist in defining product requirements for a consumer mobile app | Support sprint planning | Analyze user feedback and metrics,"Agile, Communication Skills, User Research, Product Roadmapping",Figma,B.Tech/B.E. (Computer Science or related),0 years (Fresher/Student),B.Tech/B.E. (Computer Science or related),"₹15,000/month",https://careers.example.com/jobs/75
69,Junior Business Analyst,Lumen Software Labs,Jaipur,Internship,Business Analysis,Support our product and strategy teams by analyzing data related to a logistics platform.,Support product roadmap planning | Gather and document business requirements for a logistics platform | Prepare reports and dashboards,"Data Analysis, Excel, SQL, Requirement Gathering",Power BI,Diploma or Degree in relevant field,0 years (Fresher/Student),Diploma or Degree in relevant field,"₹20,000/month",https://careers.example.com/jobs/69
19,Mobile App Development Intern,Amberwood Consulting,Mumbai,Internship,Mobile App Development,Work on our mobile app used by thousands of users to build a banking app.,Optimize app performance and battery usage | Fix bugs reported by QA | Develop and test mobile features for a banking app,"Dart, Android SDK, Kotlin","Firebase, Swift",MBA (any specialization),0 years (Fresher/Student),MBA (any specialization),"₹25,000/month",https://careers.example.com/jobs/19
85,Finance Intern,Lumen Software Labs,Mumbai,Full-time,Finance & Accounting,Support our finance team with reporting and analysis for vendor payments.,Assist with audit documentation | Support budgeting and forecasting activities | Reconcile accounts and transactions,"Financial Modeling, Accounting Principles, Excel","Power BI, Forecasting, SAP",B.Com / M.Com,0-2 years,B.Com / M.Com,₹8 LPA,https://careers.example.com/jobs/85
76,Software Development Intern,Anchor Point Systems,Jaipur,Full-time,Software Development,We are looking for a motivated individual to join our engineering team and help build a payments backend.,Participate in code reviews | Collaborate with cross-functional teams on a payments backend | Write unit tests for new features,"SQL, OOP, Data Structures","Docker, CI/CD",BCA / B.Sc IT,0-1 years,BCA / B.Sc IT,₹8 LPA,https://careers.example.com/jobs/76
61,Full Stack Developer,Amberwood Consulting,Ahmedabad,Internship,Software Development,We are looking for a motivated individual to join our engineering team and help build a payments backend.,Collaborate with cross-functional teams on a payments backend | Participate in code reviews | Write unit tests for new features,"Java, REST APIs, Git","Microservices, Docker",Pursuing MBA,0 years (Fresher/Student),Pursuing MBA,"₹10,000/month",https://careers.example.com/jobs/61
72,Copywriting Intern,Clarity Insights Inc,Nagpur,Internship,Content Writing,"Help us create engaging, high-quality content for marketing campaigns.",Research industry topics for blog posts | Optimize content for SEO | Write and edit content for marketing campaigns,"SEO Writing, Editing, Research Skills","Content Strategy, WordPress, Grammarly",Diploma or Degree in relevant field,0 years (Fresher/Student),Diploma or Degree in relevant field,"₹18,000/month",https://careers.example.com/jobs/72
131,Talent Acquisition Intern,Driftwood Digital,Bhopal,Internship,Human Resources,Join our HR team to support hiring and employee experience for employee engagement programs.,Source and screen candidates for employee engagement programs | Maintain HR records and databases | Support onboarding of new hires,"MS Office, Recruitment, Communication Skills","Onboarding Programs, HR Analytics, Employer Branding",B.Com / M.Com,0 years (Fresher/Student),B.Com / M.Com,"₹18,000/month",https://careers.example.com/jobs/131
37,Graphic Design Intern,Quantify Analytics,Hyderabad,Internship,UI/UX Design,Join our design team to craft intuitive user experiences for a mobile banking app.,Design wireframes and mockups for a mobile banking app | Collaborate with developers to implement designs | Maintain design system consistency,"Figma, Adobe XD, Prototyping",Design Systems,MBA (any specialization),0 years (Fresher/Student),MBA (any specialization),"₹20,000/month",https://careers.example.com/jobs/37
47,AI Research Intern,Lighthouse Data Co,Coimbatore,Full-time,Data Science & ML,Join our data team to help extract insights and build predictive models for a fraud detection system.,Deploy models into production pipelines | Clean and preprocess datasets for a fraud detection system | Present findings to stakeholders,"Scikit-learn, Statistics, NumPy, SQL","NLP, TensorFlow",MCA / M.Sc Computer Science,0-2 years,MCA / M.Sc Computer Science,₹5 LPA,https://careers.example.com/jobs/47
186,Security Research Intern,Lumen Software Labs,Kochi,Internship,Cybersecurity,Support our security team in protecting systems and data related to internal networks.,Monitor systems for security incidents related to internal networks | Assist in vulnerability assessments | Document security findings and remediation steps,"Networking Fundamentals, Linux, Wireshark","SIEM Tools, Python Scripting, Cloud Security",Pursuing MCA,0 years (Fresher/Student),Pursuing MCA,"₹25,000/month",https://careers.example.com/jobs/95
161,HR Operations Intern,Wavelength Media Labs,Nagpur,Full-time,Human Resources,Join our HR team to support hiring and employee experience for lateral hiring.,Coordinate interview scheduling | Maintain HR records and databases | Support onboarding of new hires,"HRIS, Communication Skills, MS Office","Employer Branding, HR Analytics",MBA (any specialization),1-2 years,MBA (any specialization),₹4 LPA,https://careers.example.com/jobs/161
44,Embedded Systems Intern,Anchor Point Systems,Bhopal,Full-time,Embedded Systems & IoT,Work on embedded hardware and firmware for a smart home device.,Debug embedded systems issues | Develop firmware for a smart home device | Test hardware-software integration,"Embedded C, C++, Microcontrollers",Arduino,BCA / B.Sc IT,0-1 years,BCA / B.Sc IT,₹3 LPA,https://careers.example.com/jobs/44
179,Embedded Systems Intern,Lighthouse Data Co,Mumbai,Internship,Embedded Systems & IoT,Work on embedded hardware and firmware for an industrial IoT sensor.,Develop firmware for an industrial IoT sensor | Debug embedded systems issues | Test hardware-software integration,"Microcontrollers, C, Embedded C, C++","RTOS, PCB Design, Arduino",MCA / M.Sc Computer Science,0 years (Fresher/Student),MCA / M.Sc Computer Science,"₹18,000/month",https://careers.example.com/jobs/179
115,Accounting Intern,Brightwave Technologies,Pune,Internship,Finance & Accounting,Support our finance team with reporting and analysis for annual budgeting.,Assist with audit documentation | Support budgeting and forecasting activities | Reconcile accounts and transactions,"Financial Modeling, Excel, Tally, Accounting Principles",Budgeting,BCA / B.Sc IT,0 years (Fresher/Student),BCA / B.Sc IT,"₹18,000/month",https://careers.example.com/jobs/115
112,Graphic Design Intern,Pinnacle Web Works,Gurgaon,Internship,UI/UX Design,Join our design team to craft intuitive user experiences for a mobile banking app.,Maintain design system consistency | Conduct user research and usability tests | Collaborate with developers to implement designs,"User Research, Wireframing, Adobe XD, Figma, Prototyping",Design Systems,MCA / M.Sc Computer Science,0 years (Fresher/Student),MCA / M.Sc Computer Science,"₹12,000/month",https://careers.example.com/jobs/112
163,Automation Testing Intern,Meridian Data Co,Ahmedabad,Full-time,Quality Assurance,Help ensure the quality and reliability of an internal API before release.,Log and track defects | Write and execute test cases for an internal API | Automate repetitive test scenarios,"Bug Tracking, SQL, Test Case Design","Postman, API Testing",Pursuing B.Tech/B.E.,1-2 years,Pursuing B.Tech/B.E.,₹8 LPA,https://careers.example.com/jobs/163
124,Flutter Developer,Anchor Point Systems,Chandigarh,Full-time,Mobile App Development,Work on our mobile app used by thousands of users to build a fitness tracking app.,Fix bugs reported by QA | Optimize app performance and battery usage | Develop and test mobile features for a fitness tracking app,"Android SDK, Dart, Kotlin, Flutter, Java",Firebase,B.Tech/B.E. (Computer Science or related),0-1 years,B.Tech/B.E. (Computer Science or related),₹6 LPA,https://careers.example.com/jobs/124
86,Talent Acquisition Intern,Falcon Edge Systems,Noida,Full-time,Human Resources,Join our HR team to support hiring and employee experience for lateral hiring.,Support onboarding of new hires | Maintain HR records and databases | Source and screen candidates for lateral hiring,"HRIS, MS Office, Recruitment","HR Analytics, Employer Branding",MBA (any specialization),1-2 years,MBA (any specialization),₹6 LPA,https://careers.example.com/jobs/86
100,Financial Analyst Intern,Emberstone Software,Remote,Internship,Finance & Accounting,Support our finance team with reporting and analysis for vendor payments.,Assist with audit documentation | Support budgeting and forecasting activities | Reconcile accounts and transactions,"Excel, Tally, Accounting Principles","Budgeting, Forecasting",BCA / B.Sc IT,0 years (Fresher/Student),BCA / B.Sc IT,"₹8,000/month",https://careers.example.com/jobs/100
136,Full Stack Developer,Momentum Fintech,Delhi NCR,Internship,Software Development,We are looking for a motivated individual to join our engineering team and help build an internal tools platform.,"Debug and fix issues in existing modules | Write clean, maintainable code for an internal tools platform | Collaborate with cross-functional teams on an internal tools platform","OOP, Python, Data Structures, REST APIs, Git",AWS,B.Com / M.Com,0 years (Fresher/Student),B.Com / M.Com,"₹8,000/month",https://careers.example.com/jobs/136
168,React Developer Intern,Evergreen IT Solutions,Bhopal,Internship,Web Development,"Help us build and maintain fast, modern web experiences for a company dashboard.",Build responsive UI components for a company dashboard | Integrate REST APIs into the frontend | Optimize page load performance,"React, Responsive Design, JavaScript, CSS, HTML",Next.js,Pursuing B.Tech/B.E.,0 years (Fresher/Student),Pursuing B.Tech/B.E.,"₹12,000/month",https://careers.example.com/jobs/168
117,Technical Writer Intern,Lighthouse Data Co,Bhopal,Internship,Content Writing,"Help us create engaging, high-quality content for marketing campaigns.",Research industry topics for blog posts | Write and edit content for marketing campaigns | Proofread and edit team submissions,"Editing, Content Writing, SEO Writing","Grammarly, Content Strategy",Pursuing MBA,0 years (Fresher/Student),Pursuing MBA,"₹8,000/month",https://careers.example.com/jobs/117
110,Security Research Intern,Palm Grove Technologies,Ahmedabad,Internship,Cybersecurity,Support our security team in protecting systems and data related to customer data systems.,Monitor systems for security incidents related to customer data systems | Document security findings and remediation steps | Support incident response drills,"Networking Fundamentals, Linux, Wireshark, OWASP Top 10",SIEM Tools,B.Com / M.Com,0 years (Fresher/Student),B.Com / M.Com,"₹18,000/month",https://careers.example.com/jobs/110
165,Associate Product Manager Intern,Cobalt Cloud Works,Chandigarh,Internship,Product Management,Support our product team in shaping the roadmap for an internal tools suite.,Coordinate with engineering and design | Analyze user feedback and metrics | Support sprint planning,"Communication Skills, Agile, Product Roadmapping, User Research","Figma, A/B Testing",B.Com / M.Com,0 years (Fresher/Student),B.Com / M.Com,"₹18,000/month",https://careers.example.com/jobs/165
187,HR Intern,Lighthouse Data Co,Remote,Internship,Human Resources,Join our HR team to support hiring and employee experience for lateral hiring.,Support onboarding of new hires | Coordinate interview scheduling | Maintain HR records and databases,"HRIS, MS Office, Communication Skills","Employer Branding, Onboarding Programs",B.Com / M.Com,0 years (Fresher/Student),B.Com / M.Com,"₹20,000/month",https://careers.example.com/jobs/41
113,SEO Intern,Everest Cloud Services,Noida,Internship,Digital Marketing,Help grow our brand presence and drive engagement for a B2B SaaS brand.,Plan and execute campaigns for a B2B SaaS brand | Analyze campaign performance metrics | Create content calendars,"Content Writing, Social Media Marketing, SEO","Email Marketing, HubSpot",MCA / M.Sc Computer Science,0 years (Fresher/Student),MCA / M.Sc Computer Science,"₹10,000/month",https://careers.example.com/jobs/113
15,Product Management Intern,Meridian Data Co,Coimbatore,Internship,Product Management,Support our product team in shaping the roadmap for a consumer mobile app.,Analyze user feedback and metrics | Coordinate with engineering and design | Support sprint planning,"Communication Skills, Product Roadmapping, Agile","JIRA, SQL",Any graduate (technical background preferred),0 years (Fresher/Student),Any graduate (technical background preferred),"₹20,000/month",https://careers.example.com/jobs/15
39,Business Analyst Intern,Driftwood Digital,Gurgaon,Internship,Business Analysis,Support our product and strategy teams by analyzing data related to a logistics platform.,Gather and document business requirements for a logistics platform | Analyze data to identify trends | Prepare reports and dashboards,"Data Analysis, Requirement Gathering, SQL","Agile, Power BI, Tableau",B.Tech/B.E. (Computer Science or related),0 years (Fresher/Student),B.Tech/B.E. (Computer Science or related),"₹15,000/month",https://careers.example.com/jobs/39
21,Site Reliability Intern,Coral Bay Systems,Chandigarh,Internship,Cloud & DevOps,"Help us build and maintain scalable, reliable cloud infrastructure for a multi-region deployment.",Monitor infrastructure uptime | Manage container orchestration | Assist in cloud cost optimization,"Shell Scripting, Docker, Linux",Jenkins,Pursuing MCA,0 years (Fresher/Student),Pursuing MCA,"₹20,000/month",https://careers.example.com/jobs/21
2,Machine Learning Intern,Coral Bay Systems,Bangalore,Full-time,Data Science & ML,Join our data team to help extract insights and build predictive models for a fraud detection system.,Present findings to stakeholders | Perform exploratory data analysis on a fraud detection system | Build and evaluate ML models,"Statistics, SQL, Scikit-learn, Python, Pandas","NLP, TensorFlow, Deep Learning",MCA / M.Sc Computer Science,0-1 years,MCA / M.Sc Computer Science,₹5 LPA,https://careers.example.com/jobs/2
90,Associate Product Manager Intern,Orbit Innovations,Pune,Internship,Product Management,Support our product team in shaping the roadmap for an internal tools suite.,Analyze user feedback and metrics | Assist in defining product requirements for an internal tools suite | Support sprint planning,"Agile, Product Roadmapping, Communication Skills, User Research","A/B Testing, JIRA, SQL",Pursuing B.Tech (any branch),0 years (Fresher/Student),Pursuing B.Tech (any branch),"₹25,000/month",https://careers.example.com/jobs/90
153,Web Developer Intern,Nexalytics Technologies,Gurgaon,Internship,Web Development,"Help us build and maintain fast, modern web experiences for a company dashboard.",Integrate REST APIs into the frontend | Build responsive UI components for a company dashboard | Fix cross-browser compatibility issues,"HTML, CSS, Responsive Design, JavaScript","Node.js, Tailwind CSS",B.Tech/B.E. (Computer Science or related),0 years (Fresher/Student),B.Tech/B.E. (Computer Science or related),"₹12,000/month",https://careers.example.com/jobs/153
144,Business Analyst Intern,Evergreen IT Solutions,Ahmedabad,Internship,Business Analysis,Support our product and strategy teams by analyzing data related to a logistics platform.,Analyze data to identify trends | Gather and document business requirements for a logistics platform | Support product roadmap planning,"Data Analysis, SQL, Requirement Gathering, Excel",Agile,Pursuing MCA,0 years (Fresher/Student),Pursuing MCA,"₹18,000/month",https://careers.example.com/jobs/144
42,Technical Writer Intern,Ridgeline Tech,Bangalore,Full-time,Content Writing,"Help us create engaging, high-quality content for our developer blog.",Write and edit content for our developer blog | Proofread and edit team submissions | Research industry topics for blog posts,"SEO Writing, Editing, Content Writing","Grammarly, Content Strategy, WordPress",Any graduate (technical background preferred),0-1 years,Any graduate (technical background preferred),₹4 LPA,https://careers.example.com/jobs/42
65,SOC Analyst Intern,Starlight Design Studio,Jaipur,Internship,Cybersecurity,Support our security team in protecting systems and data related to cloud infrastructure.,Assist in vulnerability assessments | Document security findings and remediation steps | Support incident response drills,"Wireshark, Linux, OWASP Top 10, Networking Fundamentals","Python Scripting, Cloud Security",Pursuing MBA,0 years (Fresher/Student),Pursuing MBA,"₹12,000/month",https://careers.example.com/jobs/65
151,Full Stack Developer,Ironclad Cyber Solutions,Pune,Internship,Software Development,We are looking for a motivated individual to join our engineering team and help build a payments backend.,Debug and fix issues in existing modules | Participate in code reviews | Collaborate with cross-functional teams on a payments backend,"SQL, REST APIs, Git, Python, OOP","CI/CD, Kubernetes",Any graduate (technical background preferred),0 years (Fresher/Student),Any graduate (technical background preferred),"₹15,000/month",https://careers.example.com/jobs/151
63,UI Developer,Vantage Point Analytics,Gurgaon,Internship,Web Development,"Help us build and maintain fast, modern web experiences for an e-commerce storefront.",Fix cross-browser compatibility issues | Build responsive UI components for an e-commerce storefront | Integrate REST APIs into the frontend,"React, JavaScript, HTML, Responsive Design, CSS","TypeScript, Tailwind CSS",B.Com / M.Com,0 years (Fresher/Student),B.Com / M.Com,"₹12,000/month",https://careers.example.com/jobs/63
99,Product Analyst Intern,Cobalt Cloud Works,Mumbai,Internship,Business Analysis,Support our product and strategy teams by analyzing data related to a subscription product.,Support product roadmap planning | Prepare reports and dashboards | Gather and document business requirements for a subscription product,"Data Analysis, Requirement Gathering, SQL","Tableau, Agile, JIRA",Pursuing MCA,0 years (Fresher/Student),Pursuing MCA,"₹8,000/month",https://careers.example.com/jobs/99
134,Embedded Systems Intern,Quantify Analytics,Chandigarh,Internship,Embedded Systems & IoT,Work on embedded hardware and firmware for an industrial IoT sensor.,Document hardware interfaces | Develop firmware for an industrial IoT sensor | Debug embedded systems issues,"C++, C, Embedded C, Microcontrollers","PCB Design, Arduino",Diploma or Degree in relevant field,0 years (Fresher/Student),Diploma or Degree in relevant field,"₹25,000/month",https://careers.example.com/jobs/134
3,Web Developer Intern,ByteBridge Solutions,Kochi,Internship,Web Development,"Help us build and maintain fast, modern web experiences for a company dashboard.",Fix cross-browser compatibility issues | Integrate REST APIs into the frontend | Optimize page load performance,"Responsive Design, JavaScript, HTML, CSS","Next.js, TypeScript, Node.js",B.Com / M.Com,0 years (Fresher/Student),B.Com / M.Com,"₹10,000/month",https://careers.example.com/jobs/3
156,Site Reliability Intern,Nexalytics Technologies,Kochi,Internship,Cloud & DevOps,"Help us build and maintain scalable, reliable cloud infrastructure for CI/CD pipelines.",Manage container orchestration | Assist in cloud cost optimization | Automate deployment pipelines for CI/CD pipelines,"Docker, Shell Scripting, AWS, Git","GCP, Terraform, Azure",MBA (any specialization),0 years (Fresher/Student),MBA (any specialization),"₹12,000/month",https://careers.example.com/jobs/156
169,iOS Developer Intern,Starlight Design Studio,Gurgaon,Full-time,Mobile App Development,Work on our mobile app used by thousands of users to build a food delivery app.,Integrate third-party SDKs | Optimize app performance and battery usage | Develop and test mobile features for a food delivery app,"Flutter, Kotlin, Android SDK, Dart, Java","SQLite, Swift, Firebase",B.Tech/B.E. (Computer Science or related),1-2 years,B.Tech/B.E. (Computer Science or related),₹4 LPA,https://careers.example.com/jobs/169
127,UI/UX Design Intern,Catalyst Robotics,Gurgaon,Internship,UI/UX Design,Join our design team to craft intuitive user experiences for a consumer marketplace app.,Collaborate with developers to implement designs | Design wireframes and mockups for a consumer marketplace app | Conduct user research and usability tests,"Prototyping, User Research, Figma, Adobe XD, Wireframing",Adobe Illustrator,Diploma or Degree in relevant field,0 years (Fresher/Student),Diploma or Degree in relevant field,"₹12,000/month",https://careers.example.com/jobs/127
173,Social Media Marketing Intern,Driftwood Digital,Jaipur,Internship,Digital Marketing,Help grow our brand presence and drive engagement for a B2B SaaS brand.,Analyze campaign performance metrics | Optimize website content for search engines | Plan and execute campaigns for a B2B SaaS brand,"SEO, Content Writing, Social Media Marketing, Google Analytics","Canva, Google Ads, Email Marketing",MBA (any specialization),0 years (Fresher/Student),MBA (any specialization),"₹12,000/month",https://careers.example.com/jobs/173
18,Web Development Trainee,Vantage Point Analytics,Nagpur,Internship,Web Development,"Help us build and maintain fast, modern web experiences for a company dashboard.",Fix cross-browser compatibility issues | Optimize page load performance | Integrate REST APIs into the frontend,"JavaScript, CSS, React","TypeScript, Tailwind CSS",B.Tech/B.E. (Computer Science or related),0 years (Fresher/Student),B.Tech/B.E. (Computer Science or related),"₹8,000/month",https://careers.example.com/jobs/18
50,Security Research Intern,Redwood Analytics,Mumbai,Internship,Cybersecurity,Support our security team in protecting systems and data related to customer data systems.,Support incident response drills | Document security findings and remediation steps | Assist in vulnerability assessments,"Wireshark, Linux, OWASP Top 10, Networking Fundamentals",Python Scripting,B.Com / M.Com,0 years (Fresher/Student),B.Com / M.Com,"₹12,000/month",https://careers.example.com/jobs/50
121,Software Engineer Intern,BluePeak Analytics,Coimbatore,Internship,Software Development,We are looking for a motivated individual to join our engineering team and help build a payments backend.,Participate in code reviews | Debug and fix issues in existing modules | Collaborate with cross-functional teams on a payments backend,"Python, Data Structures, Java, SQL, Git","CI/CD, Kubernetes",Pursuing MBA,0 years (Fresher/Student),Pursuing MBA,"₹12,000/month",https://careers.example.com/jobs/121
185,Cybersecurity Intern,Catalyst Robotics,Coimbatore,Internship,Cybersecurity,Support our security team in protecting systems and data related to customer data systems.,Document security findings and remediation steps | Monitor systems for security incidents related to customer data systems | Assist in vulnerability assessments,"OWASP Top 10, Wireshark, Networking Fundamentals","Cloud Security, SIEM Tools",B.Com / M.Com,0 years (Fresher/Student),B.Com / M.Com,"₹10,000/month",https://careers.example.com/jobs/185
62,Data Science Intern,Redwood Analytics,Jaipur,Internship,Data Science & ML,Join our data team to help extract insights and build predictive models for a fraud detection system.,Present findings to stakeholders | Clean and preprocess datasets for a fraud detection system | Deploy models into production pipelines,"Statistics, NumPy, Scikit-learn, Pandas",Deep Learning,Any graduate (technical background preferred),0 years (Fresher/Student),Any graduate (technical background preferred),"₹18,000/month",https://careers.example.com/jobs/62
71,HR Intern,Orbit Innovations,Bhopal,Internship,Human Resources,Join our HR team to support hiring and employee experience for campus hiring.,Source and screen candidates for campus hiring | Maintain HR records and databases | Coordinate interview scheduling,"Communication Skills, HRIS, Recruitment","Employer Branding, Onboarding Programs",Pursuing B.Tech/B.E.,0 years (Fresher/Student),Pursuing B.Tech/B.E.,"₹10,000/month",https://careers.example.com/jobs/71
53,Social Media Marketing Intern,Vertex Digital Labs,Kochi,Internship,Digital Marketing,Help grow our brand presence and drive engagement for an e-commerce store.,Plan and execute campaigns for an e-commerce store | Optimize website content for search engines | Analyze campaign performance metrics,"Social Media Marketing, SEO, Content Writing, Google Analytics","HubSpot, Canva, Email Marketing",Pursuing MBA,0 years (Fresher/Student),Pursuing MBA,"₹10,000/month",https://careers.example.com/jobs/53
177,Copywriting Intern,Catalyst Robotics,Mumbai,Internship,Content Writing,"Help us create engaging, high-quality content for marketing campaigns.",Write and edit content for marketing campaigns | Research industry topics for blog posts | Optimize content for SEO,"SEO Writing, Content Writing, Research Skills","WordPress, Content Strategy",BCA / B.Sc IT,0 years (Fresher/Student),BCA / B.Sc IT,"₹10,000/month",https://careers.example.com/jobs/177
160,Financial Analyst Intern,Bright Horizon Tech,Kochi,Internship,Finance & Accounting,Support our finance team with reporting and analysis for vendor payments.,Assist with audit documentation | Reconcile accounts and transactions | Support budgeting and forecasting activities,"Excel, Tally, Financial Modeling",SAP,MBA (any specialization),0 years (Fresher/Student),MBA (any specialization),"₹25,000/month",https://careers.example.com/jobs/160
125,Security Research Intern,Palm Grove Technologies,Chandigarh,Internship,Cybersecurity,Support our security team in protecting systems and data related to customer data systems.,Assist in vulnerability assessments | Support incident response drills | Document security findings and remediation steps,"Networking Fundamentals, OWASP Top 10, Wireshark","Cloud Security, Burp Suite",BCA / B.Sc IT,0 years (Fresher/Student),BCA / B.Sc IT,"₹20,000/month",https://careers.example.com/jobs/125
140,Penetration Testing Intern,CloudNine Systems,Bhopal,Internship,Cybersecurity,Support our security team in protecting systems and data related to internal networks.,Monitor systems for security incidents related to internal networks | Assist in vulnerability assessments | Document security findings and remediation steps,"Wireshark, Networking Fundamentals, Linux",SIEM Tools,B.Tech/B.E. (Computer Science or related),0 years (Fresher/Student),B.Tech/B.E. (Computer Science or related),"₹18,000/month",https://careers.example.com/jobs/140
91,Full Stack Developer,Novacore Systems,Ahmedabad,Full-time,Software Development,We are looking for a motivated individual to join our engineering team and help build an internal tools platform.,Participate in code reviews | Debug and fix issues in existing modules | Write unit tests for new features,"Git, Python, SQL","Kubernetes, Docker, Microservices",Pursuing MCA,1-2 years,Pursuing MCA,₹4 LPA,https://careers.example.com/jobs/91
80,Cybersecurity Intern,Northstar AI,Remote,Internship,Cybersecurity,Support our security team in protecting systems and data related to internal networks.,Document security findings and remediation steps | Support incident response drills | Assist in vulnerability assessments,"Wireshark, Linux, Networking Fundamentals, OWASP Top 10","Cloud Security, Python Scripting",Pursuing MBA,0 years (Fresher/Student),Pursuing MBA,"₹20,000/month",https://careers.example.com/jobs/80
171,Cloud Engineer Intern,CloudNine Systems,Jaipur,Internship,Cloud & DevOps,"Help us build and maintain scalable, reliable cloud infrastructure for CI/CD pipelines.",Assist in cloud cost optimization | Automate deployment pipelines for CI/CD pipelines | Monitor infrastructure uptime,"AWS, Docker, Shell Scripting, Git, Linux","Jenkins, Kubernetes, Azure",Diploma or Degree in relevant field,0 years (Fresher/Student),Diploma or Degree in relevant field,"₹10,000/month",https://careers.example.com/jobs/171
5,Cybersecurity Intern,Solstice Software,Chennai,Full-time,Cybersecurity,Support our security team in protecting systems and data related to cloud infrastructure.,Monitor systems for security incidents related to cloud infrastructure | Assist in vulnerability assessments | Document security findings and remediation steps,"Wireshark, Linux, Networking Fundamentals, OWASP Top 10",Burp Suite,B.Tech/B.E. (Computer Science or related),1-2 years,B.Tech/B.E. (Computer Science or related),₹4 LPA,https://careers.example.com/jobs/5
130,Finance Intern,Bluepine Software,Gurgaon,Full-time,Finance & Accounting,Support our finance team with reporting and analysis for vendor payments.,Assist with audit documentation | Assist in preparing financial reports for vendor payments | Reconcile accounts and transactions,"Excel, Accounting Principles, Financial Modeling, Tally","SAP, Power BI, Budgeting",B.Com / M.Com,0-2 years,B.Com / M.Com,₹5 LPA,https://careers.example.com/jobs/130
58,Software Testing Intern,Nexalytics Technologies,Delhi NCR,Internship,Quality Assurance,Help ensure the quality and reliability of an internal API before release.,Write and execute test cases for an internal API | Log and track defects | Perform regression testing,"Manual Testing, Test Case Design, Bug Tracking","API Testing, JMeter",Pursuing B.Tech (any branch),0 years (Fresher/Student),Pursuing B.Tech (any branch),"₹20,000/month",https://careers.example.com/jobs/58
133,QA Intern,Ridgeline Tech,Remote,Internship,Quality Assurance,Help ensure the quality and reliability of an internal API before release.,Write and execute test cases for an internal API | Log and track defects | Perform regression testing,"SQL, Test Case Design, Manual Testing","Postman, JMeter, Selenium",B.Tech/B.E. (Computer Science or related),0 years (Fresher/Student),B.Tech/B.E. (Computer Science or related),"₹18,000/month",https://careers.example.com/jobs/133
146,HR Operations Intern,Falcon Edge Systems,Chandigarh,Internship,Human Resources,Join our HR team to support hiring and employee experience for campus hiring.,Source and screen candidates for campus hiring | Support onboarding of new hires | Coordinate interview scheduling,"HRIS, Communication Skills, Recruitment","HR Analytics, Onboarding Programs, Employer Branding",Pursuing MCA,0 years (Fresher/Student),Pursuing MCA,"₹8,000/month",https://careers.example.com/jobs/146
159,Product Analyst Intern,GreenTech Innovations,Kochi,Internship,Business Analysis,Support our product and strategy teams by analyzing data related to a logistics platform.,Prepare reports and dashboards | Gather and document business requirements for a logistics platform | Support product roadmap planning,"Data Analysis, Requirement Gathering, Excel",Tableau,B.Com / M.Com,0 years (Fresher/Student),B.Com / M.Com,"₹20,000/month",https://careers.example.com/jobs/159
182,Data Science Intern,CloudNine Systems,Kochi,Internship,Data Science & ML,Join our data team to help extract insights and build predictive models for a fraud detection system.,Deploy models into production pipelines | Build and evaluate ML models | Present findings to stakeholders,"SQL, Scikit-learn, Statistics, NumPy, Pandas",MLOps,B.Tech/B.E. (Computer Science or related),0 years (Fresher/Student),B.Tech/B.E. (Computer Science or related),"₹12,000/month",https://careers.example.com/jobs/182
46,Software Development Intern,Crestline Technologies,Chandigarh,Internship,Software Development,We are looking for a motivated individual to join our engineering team and help build an internal tools platform.,"Write unit tests for new features | Participate in code reviews | Write clean, maintainable code for an internal tools platform","REST APIs, Python, SQL, Data Structures",AWS,MCA / M.Sc Computer Science,0 years (Fresher/Student),MCA / M.Sc Computer Science,"₹8,000/month",https://careers.example.com/jobs/46
23,Digital Marketing Intern,Momentum Fintech,Indore,Full-time,Digital Marketing,Help grow our brand presence and drive engagement for an e-commerce store.,Analyze campaign performance metrics | Optimize website content for search engines | Plan and execute campaigns for an e-commerce store,"Content Writing, Social Media Marketing, Google Analytics","Email Marketing, Google Ads, Canva",Pursuing B.Tech (any branch),0-1 years,Pursuing B.Tech (any branch),₹6 LPA,https://careers.example.com/jobs/23
55,Finance Intern,Apex Digital Solutions,Gurgaon,Internship,Finance & Accounting,Support our finance team with reporting and analysis for vendor payments.,Reconcile accounts and transactions | Assist in preparing financial reports for vendor payments | Assist with audit documentation,"Tally, Excel, Financial Modeling, Accounting Principles","SAP, Budgeting",Any graduate (technical background preferred),0 years (Fresher/Student),Any graduate (technical background preferred),"₹12,000/month",https://careers.example.com/jobs/55
88,QA Intern,Redwood Analytics,Mumbai,Internship,Quality Assurance,Help ensure the quality and reliability of an internal API before release.,Perform regression testing | Log and track defects | Automate repetitive test scenarios,"Test Case Design, Manual Testing, Bug Tracking","API Testing, Postman, Selenium",Any graduate (technical background preferred),0 years (Fresher/Student),Any graduate (technical background preferred),"₹15,000/month",https://careers.example.com/jobs/88
49,Android Developer Intern,Marble Arch Analytics,Ahmedabad,Internship,Mobile App Development,Work on our mobile app used by thousands of users to build a banking app.,Develop and test mobile features for a banking app | Integrate third-party SDKs | Fix bugs reported by QA,"Java, Flutter, Kotlin, Android SDK, Dart","REST APIs, Firebase",B.Com / M.Com,0 years (Fresher/Student),B.Com / M.Com,"₹20,000/month",https://careers.example.com/jobs/49
139,Flutter Developer,Bright Horizon Tech,Kochi,Internship,Mobile App Development,Work on our mobile app used by thousands of users to build a banking app.,Fix bugs reported by QA | Develop and test mobile features for a banking app | Integrate third-party SDKs,"Flutter, Java, Dart, Android SDK",Swift,Pursuing MCA,0 years (Fresher/Student),Pursuing MCA,"₹25,000/month",https://careers.example.com/jobs/139
145,Financial Analyst Intern,CloudNine Systems,Nagpur,Internship,Finance & Accounting,Support our finance team with reporting and analysis for quarterly financial statements.,Assist in preparing financial reports for quarterly financial statements | Assist with audit documentation | Reconcile accounts and transactions,"Excel, Financial Modeling, Tally","SAP, Power BI, Budgeting",Pursuing B.Tech (any branch),0 years (Fresher/Student),Pursuing B.Tech (any branch),"₹8,000/month",https://careers.example.com/jobs/145
135,Associate Product Manager Intern,Vertex Digital Labs,Chennai,Internship,Product Management,Support our product team in shaping the roadmap for an internal tools suite.,Support sprint planning | Analyze user feedback and metrics | Coordinate with engineering and design,"User Research, Product Roadmapping, Agile","Figma, A/B Testing",MCA / M.Sc Computer Science,0 years (Fresher/Student),MCA / M.Sc Computer Science,"₹10,000/month",https://careers.example.com/jobs/135
93,React Developer Intern,Harborlight Data Systems,Remote,Internship,Web Development,"Help us build and maintain fast, modern web experiences for a company dashboard.",Integrate REST APIs into the frontend | Optimize page load performance | Build responsive UI components for a company dashboard,"Responsive Design, React, HTML, JavaScript","TypeScript, Node.js, Next.js",Pursuing MBA,0 years (Fresher/Student),Pursuing MBA,"₹25,000/month",https://careers.example.com/jobs/93
106,Full Stack Developer,Ridgeline Tech,Mumbai,Internship,Software Development,We are looking for a motivated individual to join our engineering team and help build a customer-facing SaaS product.,"Debug and fix issues in existing modules | Write clean, maintainable code for a customer-facing SaaS product | Write unit tests for new features","REST APIs, Java, SQL, Git, OOP","AWS, Docker",Pursuing MCA,0 years (Fresher/Student),Pursuing MCA,"₹20,000/month",https://careers.example.com/jobs/106
162,Copywriting Intern,GreenTech Innovations,Jaipur,Internship,Content Writing,"Help us create engaging, high-quality content for our developer blog.",Write and edit content for our developer blog | Proofread and edit team submissions | Research industry topics for blog posts,"SEO Writing, Editing, Content Writing, Research Skills",Content Strategy,Diploma or Degree in relevant field,0 years (Fresher/Student),Diploma or Degree in relevant field,"₹8,000/month",https://careers.example.com/jobs/162
74,IoT Developer Intern,Amberwood Consulting,Bhopal,Internship,Embedded Systems & IoT,Work on embedded hardware and firmware for an industrial IoT sensor.,Document hardware interfaces | Test hardware-software integration | Develop firmware for an industrial IoT sensor,"Embedded C, Microcontrollers, C++, C","RTOS, Raspberry Pi, PCB Design",Any graduate (technical background preferred),0 years (Fresher/Student),Any graduate (technical background preferred),"₹12,000/month",https://careers.example.com/jobs/74
164,Embedded Systems Intern,Redwood Analytics,Coimbatore,Internship,Embedded Systems & IoT,Work on embedded hardware and firmware for a smart home device.,Debug embedded systems issues | Test hardware-software integration | Develop firmware for a smart home device,"C++, Embedded C, C","RTOS, Raspberry Pi, PCB Design",MBA (any specialization),0 years (Fresher/Student),MBA (any specialization),"₹8,000/month",https://careers.example.com/jobs/164
7,UI/UX Design Intern,Coral Bay Systems,Chandigarh,Internship,UI/UX Design,Join our design team to craft intuitive user experiences for a mobile banking app.,Maintain design system consistency | Conduct user research and usability tests | Collaborate with developers to implement designs,"Adobe XD, Prototyping, Wireframing","Usability Testing, Adobe Illustrator",Pursuing MBA,0 years (Fresher/Student),Pursuing MBA,"₹12,000/month",https://careers.example.com/jobs/7
129,Junior Business Analyst,Everest Cloud Services,Ahmedabad,Internship,Business Analysis,Support our product and strategy teams by analyzing data related to internal operations.,Prepare reports and dashboards | Support product roadmap planning | Gather and document business requirements for internal operations,"SQL, Requirement Gathering, Data Analysis, Excel","Power BI, Tableau",Pursuing B.Tech/B.E.,0 years (Fresher/Student),Pursuing B.Tech/B.E.,"₹20,000/month",https://careers.example.com/jobs/129
175,Accounting Intern,Novacore Systems,Delhi NCR,Internship,Finance & Accounting,Support our finance team with reporting and analysis for quarterly financial statements.,Reconcile accounts and transactions | Assist in preparing financial reports for quarterly financial statements | Assist with audit documentation,"Excel, Accounting Principles, Financial Modeling, Tally",Budgeting,Diploma or Degree in relevant field,0 years (Fresher/Student),Diploma or Degree in relevant field,"₹12,000/month",https://careers.example.com/jobs/175
181,Frontend Developer Intern,Everest Cloud Services,Delhi NCR,Internship,Software Development,We are looking for a motivated individual to join our engineering team and help build a payments backend.,"Write unit tests for new features | Write clean, maintainable code for a payments backend | Collaborate with cross-functional teams on a payments backend","Git, SQL, Java, REST APIs",Docker,BCA / B.Sc IT,0 years (Fresher/Student),BCA / B.Sc IT,"₹10,000/month",https://careers.example.com/jobs/181
123,JavaScript Developer,Momentum Fintech,Bhopal,Internship,Web Development,"Help us build and maintain fast, modern web experiences for a company dashboard.",Build responsive UI components for a company dashboard | Optimize page load performance | Integrate REST APIs into the frontend,"Responsive Design, React, CSS","TypeScript, Node.js",Pursuing B.Tech (any branch),0 years (Fresher/Student),Pursuing B.Tech (any branch),"₹15,000/month",https://careers.example.com/jobs/123
107,Data Analyst Intern,ByteBridge Solutions,Noida,Internship,Data Science & ML,Join our data team to help extract insights and build predictive models for a fraud detection system.,Perform exploratory data analysis on a fraud detection system | Build and evaluate ML models | Clean and preprocess datasets for a fraud detection system,"SQL, Statistics, NumPy","PyTorch, MLOps",MCA / M.Sc Computer Science,0 years (Fresher/Student),MCA / M.Sc Computer Science,"₹25,000/month",https://careers.example.com/jobs/107
109,Mobile App Development Intern,Vantage Point Analytics,Pune,Full-time,Mobile App Development,Work on our mobile app used by thousands of users to build a food delivery app.,Develop and test mobile features for a food delivery app | Integrate third-party SDKs | Optimize app performance and battery usage,"Kotlin, Flutter, Java, Android SDK, Dart","REST APIs, Firebase, Swift",Pursuing MCA,1-2 years,Pursuing MCA,₹4 LPA,https://careers.example.com/jobs/109
126,DevOps Intern,Emberstone Software,Pune,Full-time,Cloud & DevOps,"Help us build and maintain scalable, reliable cloud infrastructure for CI/CD pipelines.",Manage container orchestration | Automate deployment pipelines for CI/CD pipelines | Assist in cloud cost optimization,"Linux, AWS, Shell Scripting, Git, Docker","Azure, Terraform",B.Com / M.Com,1-2 years,B.Com / M.Com,₹8 LPA,https://careers.example.com/jobs/126
12,Content Writing Intern,Quantify Analytics,Hyderabad,Internship,Content Writing,"Help us create engaging, high-quality content for our developer blog.",Research industry topics for blog posts | Optimize content for SEO | Proofread and edit team submissions,"Research Skills, SEO Writing, Editing",Content Strategy,MCA / M.Sc Computer Science,0 years (Fresher/Student),MCA / M.Sc Computer Science,"₹25,000/month",https://careers.example.com/jobs/12
128,SEO Intern,Nexalytics Technologies,Noida,Internship,Digital Marketing,Help grow our brand presence and drive engagement for an e-commerce store.,Optimize website content for search engines | Create content calendars | Plan and execute campaigns for an e-commerce store,"Google Analytics, Content Writing, Social Media Marketing","Canva, Google Ads",Pursuing MCA,0 years (Fresher/Student),Pursuing MCA,"₹10,000/month",https://careers.example.com/jobs/128
149,IoT Developer Intern,Vantage Point Analytics,Mumbai,Internship,Embedded Systems & IoT,Work on embedded hardware and firmware for a smart home device.,Develop firmware for a smart home device | Document hardware interfaces | Test hardware-software integration,"Embedded C, C++, C",Raspberry Pi,Pursuing B.Tech/B.E.,0 years (Fresher/Student),Pursuing B.Tech/B.E.,"₹10,000/month",https://careers.example.com/jobs/149
137,Data Analyst Intern,Solstice Software,Hyderabad,Full-time,Data Science & ML,Join our data team to help extract insights and build predictive models for a fraud detection system.,Deploy models into production pipelines | Perform exploratory data analysis on a fraud detection system | Clean and preprocess datasets for a fraud detection system,"Scikit-learn, Statistics, Pandas","PyTorch, TensorFlow, Deep Learning",B.Com / M.Com,0-2 years,B.Com / M.Com,₹5 LPA,https://careers.example.com/jobs/137
83,Content Marketing Intern,Vantage Point Analytics,Kochi,Internship,Digital Marketing,Help grow our brand presence and drive engagement for a B2B SaaS brand.,Create content calendars | Plan and execute campaigns for a B2B SaaS brand | Analyze campaign performance metrics,"Social Media Marketing, SEO, Google Analytics",HubSpot,B.Tech/B.E. (Computer Science or related),0 years (Fresher/Student),B.Tech/B.E. (Computer Science or related),"₹10,000/month",https://careers.example.com/jobs/83
148,Automation Testing Intern,Bright Horizon Tech,Hyderabad,Internship,Quality Assurance,Help ensure the quality and reliability of an e-commerce checkout flow before release.,Write and execute test cases for an e-commerce checkout flow | Log and track defects | Perform regression testing,"SQL, Bug Tracking, Test Case Design, Manual Testing","Selenium, JMeter, API Testing",Diploma or Degree in relevant field,0 years (Fresher/Student),Diploma or Degree in relevant field,"₹25,000/month",https://careers.example.com/jobs/148
26,HR Operations Intern,Fusion Edge Technologies,Jaipur,Internship,Human Resources,Join our HR team to support hiring and employee experience for lateral hiring.,Source and screen candidates for lateral hiring | Support onboarding of new hires | Maintain HR records and databases,"HRIS, Recruitment, Communication Skills","Employer Branding, Onboarding Programs",Pursuing B.Tech (any branch),0 years (Fresher/Student),Pursuing B.Tech (any branch),"₹15,000/month",https://careers.example.com/jobs/26
17,AI Research Intern,ByteBridge Solutions,Chennai,Internship,Data Science & ML,Join our data team to help extract insights and build predictive models for a fraud detection system.,Build and evaluate ML models | Clean and preprocess datasets for a fraud detection system | Perform exploratory data analysis on a fraud detection system,"Statistics, Pandas, Scikit-learn",MLOps,B.Tech/B.E. (Computer Science or related),0 years (Fresher/Student),B.Tech/B.E. (Computer Science or related),"₹15,000/month",https://careers.example.com/jobs/17
6,Site Reliability Intern,BluePeak Analytics,Chandigarh,Internship,Cloud & DevOps,"Help us build and maintain scalable, reliable cloud infrastructure for CI/CD pipelines.",Assist in cloud cost optimization | Manage container orchestration | Monitor infrastructure uptime,"AWS, Docker, Linux, Shell Scripting","GCP, Jenkins, Azure",Pursuing B.Tech (any branch),0 years (Fresher/Student),Pursuing B.Tech (any branch),"₹10,000/month",https://careers.example.com/jobs/6
152,Machine Learning Intern,Marble Arch Analytics,Kochi,Internship,Data Science & ML,Join our data team to help extract insights and build predictive models for a fraud detection system.,Build and evaluate ML models | Present findings to stakeholders | Deploy models into production pipelines,"Pandas, Python, SQL, Statistics",Deep Learning,Pursuing B.Tech (any branch),0 years (Fresher/Student),Pursuing B.Tech (any branch),"₹8,000/month",https://careers.example.com/jobs/152
22,Product Designer Intern,Ridgeline Tech,Coimbatore,Internship,UI/UX Design,Join our design team to craft intuitive user experiences for a mobile banking app.,Conduct user research and usability tests | Design wireframes and mockups for a mobile banking app | Maintain design system consistency,"Adobe XD, Figma, Prototyping","Usability Testing, Adobe Illustrator, Design Systems",Pursuing B.Tech (any branch),0 years (Fresher/Student),Pursuing B.Tech (any branch),"₹25,000/month",https://careers.example.com/jobs/22
96,Cloud Support Engineer,Redwood Analytics,Bangalore,Internship,Cloud & DevOps,"Help us build and maintain scalable, reliable cloud infrastructure for a multi-region deployment.",Monitor infrastructure uptime | Assist in cloud cost optimization | Automate deployment pipelines for a multi-region deployment,"AWS, Git, Docker, Shell Scripting",Jenkins,Pursuing B.Tech/B.E.,0 years (Fresher/Student),Pursuing B.Tech/B.E.,"₹10,000/month",https://careers.example.com/jobs/96
103,Automation Testing Intern,Palm Grove Technologies,Coimbatore,Full-time,Quality Assurance,Help ensure the quality and reliability of an internal API before release.,Write and execute test cases for an internal API | Perform regression testing | Log and track defects,"Bug Tracking, Test Case Design, Manual Testing, SQL","API Testing, Postman, Selenium",Pursuing MBA,1-2 years,Pursuing MBA,₹4 LPA,https://careers.example.com/jobs/103
51,DevOps Intern,ByteBridge Solutions,Ahmedabad,Internship,Cloud & DevOps,"Help us build and maintain scalable, reliable cloud infrastructure for CI/CD pipelines.",Assist in cloud cost optimization | Manage container orchestration | Monitor infrastructure uptime,"Git, Linux, Shell Scripting, AWS","Azure, Jenkins, Kubernetes",B.Tech/B.E. (Computer Science or related),0 years (Fresher/Student),B.Tech/B.E. (Computer Science or related),"₹15,000/month",https://careers.example.com/jobs/51
34,Mobile App Development Intern,GreenTech Innovations,Bangalore,Internship,Mobile App Development,Work on our mobile app used by thousands of users to build a food delivery app.,Develop and test mobile features for a food delivery app | Fix bugs reported by QA | Optimize app performance and battery usage,"Flutter, Java, Dart, Kotlin","Swift, REST APIs",Diploma or Degree in relevant field,0 years (Fresher/Student),Diploma or Degree in relevant field,"₹20,000/month",https://careers.example.com/jobs/34
57,Technical Writer Intern,Ironclad Cyber Solutions,Coimbatore,Internship,Content Writing,"Help us create engaging, high-quality content for product documentation.",Optimize content for SEO | Write and edit content for product documentation | Research industry topics for blog posts,"SEO Writing, Editing, Content Writing, Research Skills",WordPress,B.Tech/B.E. (Computer Science or related),0 years (Fresher/Student),B.Tech/B.E. (Computer Science or related),"₹18,000/month",https://careers.example.com/jobs/57
16,Software Engineer Intern,Ridgeline Tech,Chandigarh,Full-time,Software Development,We are looking for a motivated individual to join our engineering team and help build an internal tools platform.,Write unit tests for new features | Collaborate with cross-functional teams on an internal tools platform | Participate in code reviews,"Java, Python, SQL, Data Structures","Microservices, Docker, CI/CD",Pursuing MCA,0-2 years,Pursuing MCA,₹3 LPA,https://careers.example.com/jobs/16
4,Android Developer Intern,PixelForge Studios,Ahmedabad,Internship,Mobile App Development,Work on our mobile app used by thousands of users to build a fitness tracking app.,Optimize app performance and battery usage | Fix bugs reported by QA | Develop and test mobile features for a fitness tracking app,"Kotlin, Flutter, Java","SQLite, Firebase",Diploma or Degree in relevant field,0 years (Fresher/Student),Diploma or Degree in relevant field,"₹12,000/month",https://careers.example.com/jobs/4
32,ML Engineer,Lighthouse Data Co,Ahmedabad,Internship,Data Science & ML,Join our data team to help extract insights and build predictive models for a fraud detection system.,Build and evaluate ML models | Perform exploratory data analysis on a fraud detection system | Deploy models into production pipelines,"Statistics, Pandas, NumPy, SQL",NLP,Pursuing B.Tech (any branch),0 years (Fresher/Student),Pursuing B.Tech (any branch),"₹18,000/month",https://careers.example.com/jobs/32
36,Cloud Support Engineer,Everest Cloud Services,Indore,Internship,Cloud & DevOps,"Help us build and maintain scalable, reliable cloud infrastructure for microservices infrastructure.",Automate deployment pipelines for microservices infrastructure | Manage container orchestration | Assist in cloud cost optimization,"Shell Scripting, Docker, AWS, Git",Azure,Pursuing B.Tech (any branch),0 years (Fresher/Student),Pursuing B.Tech (any branch),"₹10,000/month",https://careers.example.com/jobs/36
27,Content Writing Intern,Cobalt Cloud Works,Noida,Internship,Content Writing,"Help us create engaging, high-quality content for marketing campaigns.",Optimize content for SEO | Proofread and edit team submissions | Write and edit content for marketing campaigns,"Research Skills, SEO Writing, Editing","Grammarly, Content Strategy, WordPress",MCA / M.Sc Computer Science,0 years (Fresher/Student),MCA / M.Sc Computer Science,"₹15,000/month",https://careers.example.com/jobs/27
170,Security Research Intern,PixelForge Studios,Remote,Internship,Cybersecurity,Support our security team in protecting systems and data related to internal networks.,Support incident response drills | Monitor systems for security incidents related to internal networks | Document security findings and remediation steps,"Wireshark, Networking Fundamentals, OWASP Top 10",SIEM Tools,MCA / M.Sc Computer Science,0 years (Fresher/Student),MCA / M.Sc Computer Science,"₹25,000/month",https://careers.example.com/jobs/170
25,Finance Intern,Cobalt Cloud Works,Indore,Internship,Finance & Accounting,Support our finance team with reporting and analysis for vendor payments.,Support budgeting and forecasting activities | Assist in preparing financial reports for vendor payments | Reconcile accounts and transactions,"Excel, Financial Modeling, Accounting Principles, Tally","Budgeting, Power BI, Forecasting",Pursuing B.Tech/B.E.,0 years (Fresher/Student),Pursuing B.Tech/B.E.,"₹8,000/month",https://careers.example.com/jobs/25
158,Digital Marketing Intern,Indigo Wave Solutions,Remote,Full-time,Digital Marketing,Help grow our brand presence and drive engagement for a B2B SaaS brand.,Analyze campaign performance metrics | Create content calendars | Optimize website content for search engines,"SEO, Google Analytics, Content Writing, Social Media Marketing","Canva, Google Ads, Email Marketing",B.Tech/B.E. (Computer Science or related),1-2 years,B.Tech/B.E. (Computer Science or related),₹6 LPA,https://careers.example.com/jobs/158
141,Cloud Engineer Intern,CloudNine Systems,Kolkata,Internship,Cloud & DevOps,"Help us build and maintain scalable, reliable cloud infrastructure for CI/CD pipelines.",Manage container orchestration | Automate deployment pipelines for CI/CD pipelines | Assist in cloud cost optimization,"Git, Linux, Shell Scripting, Docker, AWS","Terraform, Jenkins",MCA / M.Sc Computer Science,0 years (Fresher/Student),MCA / M.Sc Computer Science,"₹20,000/month",https://careers.example.com/jobs/141
143,Digital Marketing Intern,Indigo Wave Solutions,Chandigarh,Internship,Digital Marketing,Help grow our brand presence and drive engagement for a new product launch.,Optimize website content for search engines | Analyze campaign performance metrics | Plan and execute campaigns for a new product launch,"Content Writing, Google Analytics, SEO, Social Media Marketing","Email Marketing, Google Ads, HubSpot",MCA / M.Sc Computer Science,0 years (Fresher/Student),MCA / M.Sc Computer Science,"₹12,000/month",https://careers.example.com/jobs/143
172,Graphic Design Intern,Orbit Innovations,Ahmedabad,Full-time,UI/UX Design,Join our design team to craft intuitive user experiences for a consumer marketplace app.,Maintain design system consistency | Conduct user research and usability tests | Design wireframes and mockups for a consumer marketplace app,"Adobe XD, User Research, Prototyping, Figma","Usability Testing, Design Systems, Adobe Illustrator",B.Tech/B.E. (Computer Science or related),0-2 years,B.Tech/B.E. (Computer Science or related),₹6 LPA,https://careers.example.com/jobs/172
104,Embedded Systems Intern,Zenith Cloud Systems,Remote,Internship,Embedded Systems & IoT,Work on embedded hardware and firmware for a smart home device.,Develop firmware for a smart home device | Debug embedded systems issues | Document hardware interfaces,"C++, Microcontrollers, Embedded C","PCB Design, Raspberry Pi",Diploma or Degree in relevant field,0 years (Fresher/Student),Diploma or Degree in relevant field,"₹15,000/month",https://careers.example.com/jobs/104
8,Digital Marketing Intern,Marble Arch Analytics,Mumbai,Internship,Digital Marketing,Help grow our brand presence and drive engagement for an e-commerce store.,Create content calendars | Optimize website content for search engines | Plan and execute campaigns for an e-commerce store,"SEO, Google Analytics, Content Writing, Social Media Marketing","Google Ads, Canva",Pursuing MBA,0 years (Fresher/Student),Pursuing MBA,"₹8,000/month",https://careers.example.com/jobs/8
45,Product Management Intern,Northstar AI,Hyderabad,Internship,Product Management,Support our product team in shaping the roadmap for an internal tools suite.,Support sprint planning | Coordinate with engineering and design | Analyze user feedback and metrics,"User Research, Agile, Communication Skills, Product Roadmapping",A/B Testing,Pursuing B.Tech (any branch),0 years (Fresher/Student),Pursuing B.Tech (any branch),"₹10,000/month",https://careers.example.com/jobs/45
67,Graphic Design Intern,Ridgeline Tech,Noida,Full-time,UI/UX Design,Join our design team to craft intuitive user experiences for a consumer marketplace app.,Design wireframes and mockups for a consumer marketplace app | Maintain design system consistency | Conduct user research and usability tests,"User Research, Wireframing, Prototyping","Adobe Illustrator, Usability Testing",B.Tech/B.E. (Computer Science or related),1-2 years,B.Tech/B.E. (Computer Science or related),₹3 LPA,https://careers.example.com/jobs/67
77,ML Engineer,Momentum Fintech,Mumbai,Full-time,Data Science & ML,Join our data team to help extract insights and build predictive models for a recommendation engine.,Deploy models into production pipelines | Build and evaluate ML models | Present findings to stakeholders,"Scikit-learn, Pandas, Python, SQL, NumPy",NLP,B.Com / M.Com,0-2 years,B.Com / M.Com,₹8 LPA,https://careers.example.com/jobs/77
13,Software Testing Intern,Clarity Insights Inc,Indore,Internship,Quality Assurance,Help ensure the quality and reliability of a mobile banking app before release.,Write and execute test cases for a mobile banking app | Log and track defects | Perform regression testing,"Bug Tracking, Test Case Design, SQL, Manual Testing","Selenium, JMeter, API Testing",B.Tech/B.E. (Computer Science or related),0 years (Fresher/Student),B.Tech/B.E. (Computer Science or related),"₹10,000/month",https://careers.example.com/jobs/13
132,Content Writing Intern,Meridian Data Co,Noida,Internship,Content Writing,"Help us create engaging, high-quality content for our developer blog.",Research industry topics for blog posts | Optimize content for SEO | Proofread and edit team submissions,"SEO Writing, Content Writing, Editing",Grammarly,MBA (any specialization),0 years (Fresher/Student),MBA (any specialization),"₹18,000/month",https://careers.example.com/jobs/132
102,Technical Writer Intern,Harborlight Data Systems,Nagpur,Internship,Content Writing,"Help us create engaging, high-quality content for our developer blog.",Optimize content for SEO | Proofread and edit team submissions | Research industry topics for blog posts,"Content Writing, Editing, SEO Writing, Research Skills","WordPress, Content Strategy",BCA / B.Sc IT,0 years (Fresher/Student),BCA / B.Sc IT,"₹15,000/month",https://careers.example.com/jobs/102
174,Junior Business Analyst,Pinnacle Web Works,Noida,Full-time,Business Analysis,Support our product and strategy teams by analyzing data related to a logistics platform.,Gather and document business requirements for a logistics platform | Support product roadmap planning | Prepare reports and dashboards,"Data Analysis, Requirement Gathering, Excel, SQL",JIRA,MBA (any specialization),1-2 years,MBA (any specialization),₹3 LPA,https://careers.example.com/jobs/174
64,iOS Developer Intern,Falcon Edge Systems,Mumbai,Internship,Mobile App Development,Work on our mobile app used by thousands of users to build a food delivery app.,Optimize app performance and battery usage | Integrate third-party SDKs | Fix bugs reported by QA,"Kotlin, Android SDK, Flutter, Dart",SQLite,Pursuing MCA,0 years (Fresher/Student),Pursuing MCA,"₹10,000/month",https://careers.example.com/jobs/64
167,Machine Learning Intern,Apex Digital Solutions,Bhopal,Full-time,Data Science & ML,Join our data team to help extract insights and build predictive models for a fraud detection system.,Present findings to stakeholders | Clean and preprocess datasets for a fraud detection system | Build and evaluate ML models,"Scikit-learn, NumPy, Pandas",NLP,MBA (any specialization),0-1 years,MBA (any specialization),₹4 LPA,https://careers.example.com/jobs/167
38,Social Media Marketing Intern,Emberstone Software,Jaipur,Full-time,Digital Marketing,Help grow our brand presence and drive engagement for an e-commerce store.,Optimize website content for search engines | Create content calendars | Plan and execute campaigns for an e-commerce store,"Google Analytics, Social Media Marketing, SEO","Google Ads, Email Marketing, Canva",B.Com / M.Com,0-1 years,B.Com / M.Com,₹4 LPA,https://careers.example.com/jobs/38
56,HR Operations Intern,Northstar AI,Bangalore,Internship,Human Resources,Join our HR team to support hiring and employee experience for employee engagement programs.,Maintain HR records and databases | Coordinate interview scheduling | Source and screen candidates for employee engagement programs,"HRIS, Communication Skills, MS Office, Recruitment","Onboarding Programs, HR Analytics",MCA / M.Sc Computer Science,0 years (Fresher/Student),MCA / M.Sc Computer Science,"₹18,000/month",https://careers.example.com/jobs/56
11,HR Operations Intern,Bright Horizon Tech,Jaipur,Internship,Human Resources,Join our HR team to support hiring and employee experience for employee engagement programs.,Coordinate interview scheduling | Source and screen candidates for employee engagement programs | Support onboarding of new hires,"Communication Skills, HRIS, Recruitment, MS Office","Employer Branding, HR Analytics",Diploma or Degree in relevant field,0 years (Fresher/Student),Diploma or Degree in relevant field,"₹8,000/month",https://careers.example.com/jobs/11
155,Penetration Testing Intern,Zenith Cloud Systems,Pune,Full-time,Cybersecurity,Support our security team in protecting systems and data related to internal networks.,Support incident response drills | Document security findings and remediation steps | Monitor systems for security incidents related to internal networks,"Wireshark, Linux, OWASP Top 10, Networking Fundamentals","SIEM Tools, Python Scripting",B.Tech/B.E. (Computer Science or related),1-2 years,B.Tech/B.E. (Computer Science or related),₹4 LPA,https://careers.example.com/jobs/155
78,Web Development Trainee,Brightwave Technologies,Kolkata,Internship,Web Development,"Help us build and maintain fast, modern web experiences for an e-commerce storefront.",Integrate REST APIs into the frontend | Build responsive UI components for an e-commerce storefront | Fix cross-browser compatibility issues,"JavaScript, Responsive Design, CSS, HTML",TypeScript,Diploma or Degree in relevant field,0 years (Fresher/Student),Diploma or Degree in relevant field,"₹8,000/month",https://careers.example.com/jobs/78
24,Product Analyst Intern,Anchor Point Systems,Ahmedabad,Internship,Business Analysis,Support our product and strategy teams by analyzing data related to a subscription product.,Support product roadmap planning | Analyze data to identify trends | Prepare reports and dashboards,"Requirement Gathering, Excel, SQL",Tableau,MCA / M.Sc Computer Science,0 years (Fresher/Student),MCA / M.Sc Computer Science,"₹10,000/month",https://careers.example.com/jobs/24
176,HR Operations Intern,Driftwood Digital,Ahmedabad,Internship,Human Resources,Join our HR team to support hiring and employee experience for employee engagement programs.,Coordinate interview scheduling | Support onboarding of new hires | Maintain HR records and databases,"Communication Skills, HRIS, Recruitment","Employer Branding, HR Analytics",Pursuing B.Tech/B.E.,0 years (Fresher/Student),Pursuing B.Tech/B.E.,"₹8,000/month",https://careers.example.com/jobs/176
68,SEO Intern,Starlight Design Studio,Delhi NCR,Internship,Digital Marketing,Help grow our brand presence and drive engagement for a B2B SaaS brand.,Create content calendars | Plan and execute campaigns for a B2B SaaS brand | Analyze campaign performance metrics,"Social Media Marketing, Content Writing, SEO, Google Analytics","Google Ads, Email Marketing, Canva",MCA / M.Sc Computer Science,0 years (Fresher/Student),MCA / M.Sc Computer Science,"₹15,000/month",https://careers.example.com/jobs/68
119,Firmware Intern,Starlight Design Studio,Chandigarh,Internship,Embedded Systems & IoT,Work on embedded hardware and firmware for an industrial IoT sensor.,Develop firmware for an industrial IoT sensor | Debug embedded systems issues | Test hardware-software integration,"Microcontrollers, C++, C","Raspberry Pi, PCB Design",BCA / B.Sc IT,0 years (Fresher/Student),BCA / B.Sc IT,"₹20,000/month",https://careers.example.com/jobs/119
79,Android Developer Intern,Anchor Point Systems,Nagpur,Full-time,Mobile App Development,Work on our mobile app used by thousands of users to build a food delivery app.,Develop and test mobile features for a food delivery app | Integrate third-party SDKs | Optimize app performance and battery usage,"Flutter, Android SDK, Kotlin, Java","SQLite, Swift",B.Com / M.Com,0-1 years,B.Com / M.Com,₹3 LPA,https://careers.example.com/jobs/79
54,Junior Business Analyst,Redwood Analytics,Chandigarh,Internship,Business Analysis,Support our product and strategy teams by analyzing data related to a subscription product.,Gather and document business requirements for a subscription product | Analyze data to identify trends | Support product roadmap planning,"SQL, Requirement Gathering, Excel","JIRA, Power BI, Agile",Diploma or Degree in relevant field,0 years (Fresher/Student),Diploma or Degree in relevant field,"₹25,000/month",https://careers.example.com/jobs/54
92,Machine Learning Intern,Driftwood Digital,Chennai,Internship,Data Science & ML,Join our data team to help extract insights and build predictive models for a recommendation engine.,Deploy models into production pipelines | Build and evaluate ML models | Present findings to stakeholders,"NumPy, Pandas, Scikit-learn, Statistics","Deep Learning, PyTorch",MBA (any specialization),0 years (Fresher/Student),MBA (any specialization),"₹25,000/month",https://careers.example.com/jobs/92
138,Web Development Trainee,Solstice Software,Noida,Full-time,Web Development,"Help us build and maintain fast, modern web experiences for a company dashboard.",Optimize page load performance | Fix cross-browser compatibility issues | Integrate REST APIs into the frontend,"Responsive Design, CSS, React","Tailwind CSS, Next.js",MBA (any specialization),0-2 years,MBA (any specialization),₹3 LPA,https://careers.example.com/jobs/138
31,Software Development Intern,Bluepine Software,Delhi NCR,Internship,Software Development,We are looking for a motivated individual to join our engineering team and help build a payments backend.,Collaborate with cross-functional teams on a payments backend | Debug and fix issues in existing modules | Participate in code reviews,"SQL, OOP, Git, REST APIs, Data Structures","Kubernetes, CI/CD, Microservices",MBA (any specialization),0 years (Fresher/Student),MBA (any specialization),"₹15,000/month",https://careers.example.com/jobs/31
105,Associate Product Manager Intern,Harborlight Data Systems,Remote,Internship,Product Management,Support our product team in shaping the roadmap for an internal tools suite.,Assist in defining product requirements for an internal tools suite | Analyze user feedback and metrics | Support sprint planning,"Agile, User Research, Communication Skills","A/B Testing, JIRA, Figma",MBA (any specialization),0 years (Fresher/Student),MBA (any specialization),"₹18,000/month",https://careers.example.com/jobs/105
120,Product Management Intern,Indigo Wave Solutions,Hyderabad,Internship,Product Management,Support our product team in shaping the roadmap for a B2B analytics product.,Support sprint planning | Coordinate with engineering and design | Analyze user feedback and metrics,"User Research, Agile, Product Roadmapping, Communication Skills","JIRA, Figma, A/B Testing",Pursuing MCA,0 years (Fresher/Student),Pursuing MCA,"₹15,000/month",https://careers.example.com/jobs/120
43,Software Testing Intern,Cobalt Cloud Works,Jaipur,Internship,Quality Assurance,Help ensure the quality and reliability of an internal API before release.,Perform regression testing | Write and execute test cases for an internal API | Automate repetitive test scenarios,"SQL, Bug Tracking, Test Case Design, Manual Testing","API Testing, Postman, JMeter",MCA / M.Sc Computer Science,0 years (Fresher/Student),MCA / M.Sc Computer Science,"₹12,000/month",https://careers.example.com/jobs/43
184,Android Developer Intern,Silverline Consulting,Chennai,Internship,Mobile App Development,Work on our mobile app used by thousands of users to build a fitness tracking app.,Fix bugs reported by QA | Optimize app performance and battery usage | Integrate third-party SDKs,"Java, Kotlin, Flutter, Dart, Android SDK","SQLite, Firebase, REST APIs",B.Tech/B.E. (Computer Science or related),0 years (Fresher/Student),B.Tech/B.E. (Computer Science or related),"₹25,000/month",https://careers.example.com/jobs/184
40,Accounting Intern,Falcon Edge Systems,Remote,Full-time,Finance & Accounting,Support our finance team with reporting and analysis for vendor payments.,Support budgeting and forecasting activities | Reconcile accounts and transactions | Assist in preparing financial reports for vendor payments,"Accounting Principles, Tally, Financial Modeling","Forecasting, Budgeting",BCA / B.Sc IT,0-1 years,BCA / B.Sc IT,₹6 LPA,https://careers.example.com/jobs/40
28,Automation Testing Intern,Evergreen IT Solutions,Chennai,Internship,Quality Assurance,Help ensure the quality and reliability of an e-commerce checkout flow before release.,Automate repetitive test scenarios | Log and track defects | Write and execute test cases for an e-commerce checkout flow,"Bug Tracking, Test Case Design, Manual Testing","JMeter, Postman",Pursuing MBA,0 years (Fresher/Student),Pursuing MBA,"₹15,000/month",https://careers.example.com/jobs/28
150,Product Management Intern,Lighthouse Data Co,Kochi,Internship,Product Management,Support our product team in shaping the roadmap for a consumer mobile app.,Assist in defining product requirements for a consumer mobile app | Analyze user feedback and metrics | Coordinate with engineering and design,"User Research, Agile, Communication Skills","A/B Testing, SQL, JIRA",Pursuing B.Tech/B.E.,0 years (Fresher/Student),Pursuing B.Tech/B.E.,"₹8,000/month",https://careers.example.com/jobs/150
35,Penetration Testing Intern,Indigo Wave Solutions,Chennai,Internship,Cybersecurity,Support our security team in protecting systems and data related to cloud infrastructure.,Assist in vulnerability assessments | Support incident response drills | Monitor systems for security incidents related to cloud infrastructure,"Wireshark, OWASP Top 10, Networking Fundamentals",Cloud Security,Pursuing B.Tech/B.E.,0 years (Fresher/Student),Pursuing B.Tech/B.E.,"₹12,000/month",https://careers.example.com/jobs/35
52,Product Designer Intern,Clarity Insights Inc,Noida,Internship,UI/UX Design,Join our design team to craft intuitive user experiences for a consumer marketplace app.,Design wireframes and mockups for a consumer marketplace app | Conduct user research and usability tests | Maintain design system consistency,"Adobe XD, Wireframing, Prototyping","Design Systems, Usability Testing, Adobe Illustrator",Pursuing B.Tech (any branch),0 years (Fresher/Student),Pursuing B.Tech (any branch),"₹12,000/month",https://careers.example.com/jobs/52
20,Security Research Intern,Amberwood Consulting,Nagpur,Internship,Cybersecurity,Support our security team in protecting systems and data related to customer data systems.,Document security findings and remediation steps | Assist in vulnerability assessments | Monitor systems for security incidents related to customer data systems,"Networking Fundamentals, Wireshark, Linux, OWASP Top 10",Burp Suite,Pursuing B.Tech (any branch),0 years (Fresher/Student),Pursuing B.Tech (any branch),"₹10,000/month",https://careers.example.com/jobs/20
60,Associate Product Manager Intern,Brightwave Technologies,Hyderabad,Internship,Product Management,Support our product team in shaping the roadmap for a B2B analytics product.,Coordinate with engineering and design | Assist in defining product requirements for a B2B analytics product | Analyze user feedback and metrics,"Agile, User Research, Communication Skills, Product Roadmapping",Figma,B.Tech/B.E. (Computer Science or related),0 years (Fresher/Student),B.Tech/B.E. (Computer Science or related),"₹18,000/month",https://careers.example.com/jobs/60
70,Financial Analyst Intern,Brightwave Technologies,Hyderabad,Internship,Finance & Accounting,Support our finance team with reporting and analysis for quarterly financial statements.,Reconcile accounts and transactions | Support budgeting and forecasting activities | Assist in preparing financial reports for quarterly financial statements,"Financial Modeling, Excel, Accounting Principles","SAP, Power BI, Forecasting",BCA / B.Sc IT,0 years (Fresher/Student),BCA / B.Sc IT,"₹25,000/month",https://careers.example.com/jobs/70
116,HR Intern,Sunrise Softworks,Coimbatore,Full-time,Human Resources,Join our HR team to support hiring and employee experience for lateral hiring.,Coordinate interview scheduling | Maintain HR records and databases | Support onboarding of new hires,"HRIS, MS Office, Communication Skills, Recruitment",HR Analytics,Any graduate (technical background preferred),0-1 years,Any graduate (technical background preferred),₹8 LPA,https://careers.example.com/jobs/116
82,Product Designer Intern,Anchor Point Systems,Coimbatore,Full-time,UI/UX Design,Join our design team to craft intuitive user experiences for a mobile banking app.,Design wireframes and mockups for a mobile banking app | Conduct user research and usability tests | Maintain design system consistency,"Prototyping, Adobe XD, Wireframing, User Research",Design Systems,B.Tech/B.E. (Computer Science or related),1-2 years,B.Tech/B.E. (Computer Science or related),₹5 LPA,https://careers.example.com/jobs/82
84,Junior Business Analyst,Wavelength Media Labs,Kochi,Internship,Business Analysis,Support our product and strategy teams by analyzing data related to internal operations.,Analyze data to identify trends | Support product roadmap planning | Prepare reports and dashboards,"Data Analysis, Excel, SQL, Requirement Gathering",Power BI,Diploma or Degree in relevant field,0 years (Fresher/Student),Diploma or Degree in relevant field,"₹25,000/month",https://careers.example.com/jobs/84
180,Product Management Intern,Anchor Point Systems,Kochi,Internship,Product Management,Support our product team in shaping the roadmap for an internal tools suite.,Support sprint planning | Analyze user feedback and metrics | Assist in defining product requirements for an internal tools suite,"User Research, Communication Skills, Agile",SQL,Pursuing MBA,0 years (Fresher/Student),Pursuing MBA,"₹8,000/month",https://careers.example.com/jobs/180
101,HR Operations Intern,Novacore Systems,Gurgaon,Internship,Human Resources,Join our HR team to support hiring and employee experience for campus hiring.,Maintain HR records and databases | Coordinate interview scheduling | Source and screen candidates for campus hiring,"Recruitment, Communication Skills, MS Office, HRIS","HR Analytics, Onboarding Programs",MBA (any specialization),0 years (Fresher/Student),MBA (any specialization),"₹20,000/month",https://careers.example.com/jobs/101
81,Site Reliability Intern,PixelForge Studios,Ahmedabad,Internship,Cloud & DevOps,"Help us build and maintain scalable, reliable cloud infrastructure for CI/CD pipelines.",Manage container orchestration | Monitor infrastructure uptime | Assist in cloud cost optimization,"Linux, AWS, Shell Scripting",Terraform,B.Tech/B.E. (Computer Science or related),0 years (Fresher/Student),B.Tech/B.E. (Computer Science or related),"₹8,000/month",https://careers.example.com/jobs/81
